{
  "image_width": 1280,
  "image_height": 720,
  "rms": 0.2140216048066158,
  "camera_matrix": [
    [
      955.3408846021312,
      0.0,
      635.7113991381901
    ],
    [
      0.0,
      954.6533725643071,
      370.4747926940878
    ],
    [
      0.0,
      0.0,
      1.0
    ]
  ],
  "distortion_coeffs": [
    1.3370058472536854,
    1.7716299478033044,
    0.002465715622611492,
    -0.002783279709481239,
    -10.545213805140088,
    1.2569337212199174,
    2.1022631237834877,
    -10.854160949732119,
    0.0,
    0.0,
    0.0,
    0.0,
    0.0,
    0.0
  ],
  "square_size_mm": 23.2,
  "pattern_size": [
    9,
    6
  ],
  "num_images_used": 59
}