{
  "image_corners_px": [
    [
      30,
      41
    ],
    [
      1244,
      48
    ],
    [
      1250,
      637
    ],
    [
      55,
      696
    ]
  ],
  "world_corners_cm": [
    [
      0.0,
      0.0
    ],
    [
      404.5,
      0.0
    ],
    [
      404.5,
      210.0
    ],
    [
      0.0,
      210.0
    ]
  ],
  "field_width_cm": 404.5,
  "field_height_cm": 210.0,
  "homography": [
    [
      0.2982812370730623,
      -0.011384780040956584,
      -8.481661130512649
    ],
    [
      -0.0018151052416851261,
      0.3147911090579622,
      -12.851982314125895
    ],
    [
      -8.362948948619781e-05,
      -1.9781613262939853e-05,
      1.0
    ]
  ],
  "undistorted": true,
  "image_size": [
    1280,
    720
  ]
}